"Reseller ID","Reseller Name","Order Number","Charge Type","Cost","Total Cost","Currency Code","Description","Quantity","Rate Type","Unit Of Measure","Vendor","Reseller Detail Duration","Commitment Term","End Period","Start Period","Subscription ID","Billing Period","End Customer Account ID","End Customer Account Name","End Customer Unit Price EX Tax","End Customer Subtotal","End Customer Total INC Tax","Invoice Amount Due","Invoice Balance","Invoice Date","Invoice Due Date","Invoice Number","Invoice Status","End Customer Sales Tax Total","End Customer Total EX Tax","Payment Amount","Payment Reference","Purchase Order Number","SKU"
1200011294,Fusion Tech,BO005776,Licenses,6.5,29.9,NZD                                   ,Subscription #1383481: Exchange Online (Plan 1) Recurring (1 Month(s) term) from 2026-01-01 through 2026-01-31,4.0,Resource Recurring,Licenses,Microsoft,1.00000000,1 MONTHS,2026-02-01,2026-01-01,1383481.0,MONTHLY,1200019514,JRC Builders of Distinction,7.8,31.2,31.2,20651.57,20651.57,2026-02-01,2026-03-03,2026SINZ0001623,Open,3.9,31.2,0.0,"","",CFQ7TTC0LH16:0001
1200011294,Fusion Tech,BO005776,Licenses,8.49,9.76,NZD                                   ,Subscription #1375737: Microsoft 365 Business Basic Recurring (1 Year(s) term) from 2026-01-02 through 2026-02-01,1.0,Resource Recurring,Licenses,Microsoft,1.00000000,1 YEARS,2026-02-02,2026-01-02,1375737.0,MONTHLY,1200019514,JRC Builders of Distinction,10.19,10.19,10.19,20651.57,20651.57,2026-02-01,2026-03-03,2026SINZ0001623,Open,1.27,10.19,0.0,"","",CFQ7TTC0LH18:0001
1200011294,Fusion Tech,BO005776,Licenses,17.68,142.33,NZD                                   ,Subscription #1375770: Microsoft 365 Business Standard Recurring (1 Year(s) term) from 2026-01-02 through 2026-02-01,7.0,Resource Recurring,Licenses,Microsoft,1.00000000,1 YEARS,2026-02-02,2026-01-02,1375770.0,MONTHLY,1200019514,JRC Builders of Distinction,21.21,148.47,148.47,20651.57,20651.57,2026-02-01,2026-03-03,2026SINZ0001623,Open,18.57,148.47,0.0,"","",CFQ7TTC0LDPB:0001
1200011294,Fusion Tech,BO005777,Licenses,12.77,14.69,NZD                                   ,Subscription #1197058: Azure Active Directory Premium P2 Recurring from 2026-01-02 through 2026-02-01,1.0,Resource Recurring,Licenses,Microsoft,1.00000000,1 YEARS,2026-02-02,2026-01-02,1197058.0,MONTHLY,1200024300,Smart Environmental Ltd,15.33,15.33,15.33,20651.57,20651.57,2026-02-01,2026-03-03,2026SINZ0001623,Open,1.92,15.33,0.0,"","",CFQ7TTC0LFK5:0001
1200011294,Fusion Tech,BO005777,Licenses,19.77,250.09,NZD                                   ,Subscription #1314549: Power BI Pro Recurring (1 Year(s) term) from 2026-01-03 through 2026-02-02,11.0,Resource Recurring,Licenses,Microsoft,1.00000000,1 YEARS,2026-02-03,2026-01-03,1314549.0,MONTHLY,1200024300,Smart Environmental Ltd,23.73,261.03,261.03,20651.57,20651.57,2026-02-01,2026-03-03,2026SINZ0001623,Open,32.62,261.03,0.0,"","",CFQ7TTC0LHSF:0001
1200011294,Fusion Tech,BO005778,Licenses,20.2,162.61,NZD                                   ,Subscription #1389499: Microsoft 365 Business Standard Recurring (1 Month(s) term) from 2026-01-01 through 2026-01-31,7.0,Resource Recurring,Licenses,Microsoft,1.00000000,1 MONTHS,2026-02-01,2026-01-01,1389499.0,MONTHLY,1200120182,Liquorice,24.24,169.68,169.68,20651.57,20651.57,2026-02-01,2026-03-03,2026SINZ0001623,Open,21.21,169.68,0.0,"",73074,CFQ7TTC0LDPB:0001
1200011294,Fusion Tech,BO005779,Licenses,20.2,185.84,NZD                                   ,Subscription #1383480: Microsoft 365 Business Standard Recurring (1 Month(s) term) from 2026-01-01 through 2026-01-31,8.0,Resource Recurring,Licenses,Microsoft,1.00000000,1 MONTHS,2026-02-01,2026-01-01,1383480.0,MONTHLY,1200046289,APF,24.24,193.92,193.92,20651.57,20651.57,2026-02-01,2026-03-03,2026SINZ0001623,Open,24.24,193.92,0.0,"","",CFQ7TTC0LDPB:0001
1200011294,Fusion Tech,BO005780,Licenses,11.29,12.98,NZD                                   ,Subscription #1376107: Exchange Online (Plan 2) Recurring (1 Year(s) term) from 2026-01-03 through 2026-02-02,1.0,Resource Recurring,Licenses,Microsoft,1.00000000,1 YEARS,2026-02-03,2026-01-03,1376107.0,MONTHLY,1200020620,Maison,13.55,13.55,13.55,20651.57,20651.57,2026-02-01,2026-03-03,2026SINZ0001623,Open,1.69,13.55,0.0,"","",CFQ7TTC0LH1P:0001
1200011294,Fusion Tech,BO005781,Licenses,4.29,4.93,NZD                                   ,Subscription #1395190: Exchange Online Archiving for Exchange Online Recurring (1 Year(s) term) from 2026-01-03 through 2026-02-02,1.0,Resource Recurring,Licenses,Microsoft,1.00000000,1 YEARS,2026-02-03,2026-01-03,1395190.0,MONTHLY,1200024300,Smart Environmental Ltd,5.15,5.15,5.15,20651.57,20651.57,2026-02-01,2026-03-03,2026SINZ0001623,Open,0.64,5.15,0.0,"","",CFQ7TTC0LH0J:0001
1200011294,Fusion Tech,BO005782,Licenses,9.7,133.86,NZD                                   ,Subscription #1347571: Microsoft 365 Business Basic Recurring (1 Month(s) term) from 2026-01-03 through 2026-02-02,12.0,Resource Recurring,Licenses,Microsoft,1.00000000,1 MONTHS,2026-02-03,2026-01-03,1347571.0,MONTHLY,1200024300,Smart Environmental Ltd,11.64,139.68,139.68,20651.57,20651.57,2026-02-01,2026-03-03,2026SINZ0001623,Open,17.46,139.68,0.0,"","",CFQ7TTC0LH18:0001
1200011294,Fusion Tech,BO005783,Licenses,14.6,16.79,NZD                                   ,Subscription #1417039: Microsoft Entra ID P2 Recurring (1 Month(s) term) from 2026-01-03 through 2026-02-02,1.0,Resource Recurring,Licenses,Microsoft,1.00000000,1 MONTHS,2026-02-03,2026-01-03,1417039.0,MONTHLY,1200158965,CITY EYE SPECIALISTS LIMITED,17.52,17.52,17.52,20651.57,20651.57,2026-02-01,2026-03-03,2026SINZ0001623,Open,2.19,17.52,0.0,"",CES030425,CFQ7TTC0LFK5:0001
1200011294,Fusion Tech,BO005784,Licenses,17.68,650.62,NZD                                   ,Subscription #1370137: Microsoft 365 Business Standard Recurring (1 Year(s) term) from 2026-01-05 through 2026-02-04,32.0,Resource Recurring,Licenses,Microsoft,1.00000000,1 YEARS,2026-02-05,2026-01-05,1370137.0,MONTHLY,1200020620,Maison,21.21,678.72,678.72,20651.57,20651.57,2026-02-01,2026-03-03,2026SINZ0001623,Open,84.86,678.72,0.0,"","",CFQ7TTC0LDPB:0001
1200011294,Fusion Tech,BO005785,Licenses,17.68,1097.93,NZD                                   ,Subscription #1370306: Microsoft 365 Business Standard Recurring (1 Year(s) term) from 2026-01-05 through 2026-02-04,54.0,Resource Recurring,Licenses,Microsoft,1.00000000,1 YEARS,2026-02-05,2026-01-05,1370306.0,MONTHLY,1200023031,ACH Consulting LTD,21.21,1145.34,1145.34,20651.57,20651.57,2026-02-01,2026-03-03,2026SINZ0001623,Open,143.21,1145.34,0.0,"",73103,CFQ7TTC0LDPB:0001
1200011294,Fusion Tech,BO005786,Licenses,9.7,11.16,NZD                                   ,Subscription #1454852: Microsoft Entra ID P1 Recurring (1 Month(s) term) from 2026-01-04 through 2026-02-03,1.0,Resource Recurring,Licenses,Microsoft,1.00000000,1 MONTHS,2026-02-04,2026-01-04,1454852.0,MONTHLY,1200036951,Acto Agriculture,11.64,11.64,11.64,20651.57,20651.57,2026-02-01,2026-03-03,2026SINZ0001623,Open,1.46,11.64,0.0,"",73054,CFQ7TTC0LFLS:0002
1200011294,Fusion Tech,BO005787,Licenses,3.6,4.14,NZD                                   ,Subscription #1405430: Power BI Pro (Education Faculty Pricing) Recurring (1 Month(s) term) from 2026-01-04 through 2026-02-03,1.0,Resource Recurring,Licenses,Microsoft,1.00000000,1 MONTHS,2026-02-04,2026-01-04,1405430.0,MONTHLY,1200154425,South Pacific College of Natural Medicine,4.32,4.32,4.32,20651.57,20651.57,2026-02-01,2026-03-03,2026SINZ0001623,Open,0.54,4.32,0.0,"",72564,CFQ7TTC0LHSF:0011
1200011294,Fusion Tech,BO005788,Licenses,20.2,209.07,NZD                                   ,Subscription #1389599: Microsoft 365 Business Standard Recurring (1 Month(s) term) from 2026-01-04 through 2026-02-03,9.0,Resource Recurring,Licenses,Microsoft,1.00000000,1 MONTHS,2026-02-04,2026-01-04,1389599.0,MONTHLY,1200059659,Euro Parts,24.24,218.16,218.16,20651.57,20651.57,2026-02-01,2026-03-03,2026SINZ0001623,Open,27.27,218.16,0.0,"","",CFQ7TTC0LDPB:0001
1200011294,Fusion Tech,BO005789,Licenses,20.2,92.92,NZD                                   ,Subscription #1417170: Microsoft 365 Business Standard Recurring (1 Month(s) term) from 2026-01-04 through 2026-02-03,4.0,Resource Recurring,Licenses,Microsoft,1.00000000,1 MONTHS,2026-02-04,2026-01-04,1417170.0,MONTHLY,1200158735,Rand Group Ltd,24.24,96.96,96.96,20651.57,20651.57,2026-02-01,2026-03-03,2026SINZ0001623,Open,12.12,96.96,0.0,"",72647,CFQ7TTC0LDPB:0001
1200011294,Fusion Tech,BO005790,Licenses,48.5,55.78,NZD                                   ,Subscription #1462629: Planner and Project Plan 3 Recurring (1 Month(s) term) from 2026-01-04 through 2026-02-03,1.0,Resource Recurring,Licenses,Microsoft,1.00000000,1 MONTHS,2026-02-04,2026-01-04,1462629.0,MONTHLY,1200046289,APF,58.2,58.2,58.2,20651.57,20651.57,2026-02-01,2026-03-03,2026SINZ0001623,Open,7.28,58.2,0.0,"",APV041205,CFQ7TTC0HDB0:0002
1200011294,Fusion Tech,BO005791,Licenses,39.3,45.2,NZD                                   ,Subscription #1370098: Office 365 E3 Recurring (1 Month(s) term) from 2026-01-05 through 2026-02-04,1.0,Resource Recurring,Licenses,Microsoft,1.00000000,1 MONTHS,2026-02-05,2026-01-05,1370098.0,MONTHLY,1200013848,Corneal Lens Corporation,47.16,47.16,47.16,20651.57,20651.57,2026-02-01,2026-03-03,2026SINZ0001623,Open,5.9,47.16,0.0,"","",CFQ7TTC0LF8R:0001
1200011294,Fusion Tech,BO005792,Licenses,9.7,100.4,NZD                                   ,Subscription #1370150: Microsoft 365 Business Basic Recurring (1 Month(s) term) from 2026-01-05 through 2026-02-04,9.0,Resource Recurring,Licenses,Microsoft,1.00000000,1 MONTHS,2026-02-05,2026-01-05,1370150.0,MONTHLY,1200059659,Euro Parts,11.64,104.76,104.76,20651.57,20651.57,2026-02-01,2026-03-03,2026SINZ0001623,Open,13.1,104.76,0.0,"","",CFQ7TTC0LH18:0001
1200011294,Fusion Tech,BO005793,Licenses,17.68,20.33,NZD                                   ,Subscription #1427061: Microsoft 365 Business Standard Recurring (1 Year(s) term) from 2026-01-06 through 2026-02-05,1.0,Resource Recurring,Licenses,Microsoft,1.00000000,1 YEARS,2026-02-06,2026-01-06,1427061.0,MONTHLY,1200158092,Nick Houlding,21.21,21.21,21.21,20651.57,20651.57,2026-02-01,2026-03-03,2026SINZ0001623,Open,2.65,21.21,0.0,"",72726,CFQ7TTC0LDPB:0001
1200011294,Fusion Tech,BO005794,Licenses,20.2,232.3,NZD                                   ,Subscription #1390108: Microsoft 365 Business Standard Recurring (1 Month(s) term) from 2026-01-06 through 2026-02-05,10.0,Resource Recurring,Licenses,Microsoft,1.00000000,1 MONTHS,2026-02-06,2026-01-06,1390108.0,MONTHLY,1200024300,Smart Environmental Ltd,24.24,242.4,242.4,20651.57,20651.57,2026-02-01,2026-03-03,2026SINZ0001623,Open,30.3,242.4,0.0,"",72972,CFQ7TTC0LDPB:0001
1200011294,Fusion Tech,BO005795,Licenses,13.17,15.15,NZD                                   ,Subscription #1330776: Microsoft 365 Apps for business Recurring (1 Year(s) term) from 2026-01-07 through 2026-02-06,1.0,Resource Recurring,Licenses,Microsoft,1.00000000,1 YEARS,2026-02-07,2026-01-07,1330776.0,MONTHLY,1200013848,Corneal Lens Corporation,15.8,15.8,15.8,20651.57,20651.57,2026-02-01,2026-03-03,2026SINZ0001623,Open,1.98,15.8,0.0,"","",CFQ7TTC0LH1G:0001
1200011294,Fusion Tech,BO005796,Licenses,8.49,29.29,NZD                                   ,Subscription #1364740: Microsoft 365 Business Basic Recurring (1 Year(s) term) from 2026-01-08 through 2026-02-07,3.0,Resource Recurring,Licenses,Microsoft,1.00000000,1 YEARS,2026-02-08,2026-01-08,1364740.0,MONTHLY,1200057490,Peers Brown Miller,10.19,30.57,30.57,20651.57,20651.57,2026-02-01,2026-03-03,2026SINZ0001623,Open,3.82,30.57,0.0,"","",CFQ7TTC0LH18:0001
1200011294,Fusion Tech,BO005796,Licenses,17.68,223.65,NZD                                   ,Subscription #1364707: Microsoft 365 Business Standard Recurring (1 Year(s) term) from 2026-01-08 through 2026-02-07,11.0,Resource Recurring,Licenses,Microsoft,1.00000000,1 YEARS,2026-02-08,2026-01-08,1364707.0,MONTHLY,1200057490,Peers Brown Miller,21.21,233.31,233.31,20651.57,20651.57,2026-02-01,2026-03-03,2026SINZ0001623,Open,29.17,233.31,0.0,"","",CFQ7TTC0LDPB:0001
1200011294,Fusion Tech,BO005797,Licenses,17.68,142.32,NZD                                   ,Subscription #1348665: Microsoft 365 Business Standard Recurring (1 Year(s) term) from 2026-01-09 through 2026-02-08,7.0,Resource Recurring,Licenses,Microsoft,1.00000000,1 YEARS,2026-02-09,2026-01-09,1348665.0,MONTHLY,1200013411,The Advice Group,21.21,148.47,148.47,20651.57,20651.57,2026-02-01,2026-03-03,2026SINZ0001623,Open,18.56,148.47,0.0,"",72750,CFQ7TTC0LDPB:0001
1200011294,Fusion Tech,BO005798,Licenses,48.5,223.1,NZD                                   ,Subscription #1444942: Planner and Project Plan 3 Recurring (1 Month(s) term) from 2026-01-08 through 2026-02-07,4.0,Resource Recurring,Licenses,Microsoft,1.00000000,1 MONTHS,2026-02-08,2026-01-08,1444942.0,MONTHLY,1200024300,Smart Environmental Ltd,58.2,232.8,232.8,20651.57,20651.57,2026-02-01,2026-03-03,2026SINZ0001623,Open,29.1,232.8,0.0,"",72977,CFQ7TTC0HDB0:0002
1200011294,Fusion Tech,BO005799,Licenses,20.2,92.92,NZD                                   ,Subscription #1444947: Microsoft 365 Business Standard Recurring (1 Month(s) term) from 2026-01-08 through 2026-02-07,4.0,Resource Recurring,Licenses,Microsoft,1.00000000,1 MONTHS,2026-02-08,2026-01-08,1444947.0,MONTHLY,1200013302,Drain King,24.24,96.96,96.96,20651.57,20651.57,2026-02-01,2026-03-03,2026SINZ0001623,Open,12.12,96.96,0.0,"",72943,CFQ7TTC0LDPB:0001
1200011294,Fusion Tech,BO005800,Licenses,12.17,14.0,NZD                                   ,Subscription #1257531: Azure Active Directory Premium P2 Recurring (1 Year(s) term) from 2026-01-09 through 2026-02-08,1.0,Resource Recurring,Licenses,Microsoft,1.00000000,1 YEARS,2026-02-09,2026-01-09,1257531.0,MONTHLY,1200040218,Fel group,14.6,14.6,14.6,20651.57,20651.57,2026-02-01,2026-03-03,2026SINZ0001623,Open,1.83,14.6,0.0,"","",CFQ7TTC0LFK5:0001
1200011294,Fusion Tech,BO005801,unit,0.6637,0.76,NZD                                   ,Subscription #1314827: b98dd1de-5bb0-4834-ab7c-b9e8816238f7 Azure Monitor from 2025-12-01 through 2025-12-31,1.0,Resource Overusage,unit,Microsoft,0,1 MONTHS,2025-12-31,2025-12-01,1314827.0,MONTHLY,1200024300,Smart Environmental Ltd,0.7262,0.73,0.73,20651.57,20651.57,2026-02-01,2026-03-03,2026SINZ0001623,Open,0.1,0.73,0.0,"","",MS-AZR-0017G
1200011294,Fusion Tech,BO005801,unit,24.2538,27.89,NZD                                   ,Subscription #1314827: b98dd1de-5bb0-4834-ab7c-b9e8816238f7 Virtual Network from 2025-12-01 through 2025-12-31,1.0,Resource Overusage,unit,Microsoft,0,1 MONTHS,2025-12-31,2025-12-01,1314827.0,MONTHLY,1200024300,Smart Environmental Ltd,26.5359,26.54,26.54,20651.57,20651.57,2026-02-01,2026-03-03,2026SINZ0001623,Open,3.64,26.54,0.0,"","",MS-AZR-0017G
1200011294,Fusion Tech,BO005801,unit,36.3819,41.84,NZD                                   ,Subscription #1314827: b98dd1de-5bb0-4834-ab7c-b9e8816238f7 Event Hubs from 2025-12-01 through 2025-12-31,1.0,Resource Overusage,unit,Microsoft,0,1 MONTHS,2025-12-31,2025-12-01,1314827.0,MONTHLY,1200024300,Smart Environmental Ltd,39.8051,39.81,39.81,20651.57,20651.57,2026-02-01,2026-03-03,2026SINZ0001623,Open,5.46,39.81,0.0,"","",MS-AZR-0017G
1200011294,Fusion Tech,BO005801,unit,58.5496,67.33,NZD                                   ,Subscription #1314827: b98dd1de-5bb0-4834-ab7c-b9e8816238f7 Azure Data Factory v2 from 2025-12-01 through 2025-12-31,1.0,Resource Overusage,unit,Microsoft,0,1 MONTHS,2025-12-31,2025-12-01,1314827.0,MONTHLY,1200024300,Smart Environmental Ltd,64.0586,64.06,64.06,20651.57,20651.57,2026-02-01,2026-03-03,2026SINZ0001623,Open,8.78,64.06,0.0,"","",MS-AZR-0017G
1200011294,Fusion Tech,BO005801,unit,264.3487,304.0,NZD                                   ,Subscription #1314827: b98dd1de-5bb0-4834-ab7c-b9e8816238f7 Virtual Machines from 2025-12-01 through 2025-12-31,1.0,Resource Overusage,unit,Microsoft,0,1 MONTHS,2025-12-31,2025-12-01,1314827.0,MONTHLY,1200024300,Smart Environmental Ltd,289.2218,289.22,289.22,20651.57,20651.57,2026-02-01,2026-03-03,2026SINZ0001623,Open,39.65,289.22,0.0,"","",MS-AZR-0017G
1200011294,Fusion Tech,BO005801,unit,351.6801,404.43,NZD                                   ,Subscription #1314827: b98dd1de-5bb0-4834-ab7c-b9e8816238f7 Azure Bastion from 2025-12-01 through 2025-12-31,1.0,Resource Overusage,unit,Microsoft,0,1 MONTHS,2025-12-31,2025-12-01,1314827.0,MONTHLY,1200024300,Smart Environmental Ltd,384.7704,384.77,384.77,20651.57,20651.57,2026-02-01,2026-03-03,2026SINZ0001623,Open,52.75,384.77,0.0,"","",MS-AZR-0017G
1200011294,Fusion Tech,BO005801,unit,630.0759,724.59,NZD                                   ,Subscription #1314827: b98dd1de-5bb0-4834-ab7c-b9e8816238f7 Storage from 2025-12-01 through 2025-12-31,1.0,Resource Overusage,unit,Microsoft,0,1 MONTHS,2025-12-31,2025-12-01,1314827.0,MONTHLY,1200024300,Smart Environmental Ltd,689.3609,689.36,689.36,20651.57,20651.57,2026-02-01,2026-03-03,2026SINZ0001623,Open,94.51,689.36,0.0,"","",MS-AZR-0017G
1200011294,Fusion Tech,BO005801,unit,1075.8583,1237.24,NZD                                   ,Subscription #1314827: b98dd1de-5bb0-4834-ab7c-b9e8816238f7 SQL Database from 2025-12-01 through 2025-12-31,1.0,Resource Overusage,unit,Microsoft,0,1 MONTHS,2025-12-31,2025-12-01,1314827.0,MONTHLY,1200024300,Smart Environmental Ltd,1177.0878,1177.09,1177.09,20651.57,20651.57,2026-02-01,2026-03-03,2026SINZ0001623,Open,161.38,1177.09,0.0,"","",MS-AZR-0017G
1200011294,Fusion Tech,BO005802,Licenses,5.69,1701.31,NZD                                   ,Subscription #1349083: Exchange Online (Plan 1) Recurring (1 Year(s) term) from 2026-01-10 through 2026-02-09,260.0,Resource Recurring,Licenses,Microsoft,1.00000000,1 YEARS,2026-02-10,2026-01-10,1349083.0,MONTHLY,1200024300,Smart Environmental Ltd,6.83,1775.8,1775.8,20651.57,20651.57,2026-02-01,2026-03-03,2026SINZ0001623,Open,221.91,1775.8,0.0,"",72906,CFQ7TTC0LH16:0001
1200011294,Fusion Tech,BO005802,Licenses,22.6,77.97,NZD                                   ,Subscription #1450019: Power BI Pro Recurring (1 Month(s) term) from 2026-01-09 through 2026-02-08,3.0,Resource Recurring,Licenses,Microsoft,1.00000000,1 MONTHS,2026-02-09,2026-01-09,1450019.0,MONTHLY,1200024300,Smart Environmental Ltd,27.12,81.36,81.36,20651.57,20651.57,2026-02-01,2026-03-03,2026SINZ0001623,Open,10.17,81.36,0.0,"",72906,CFQ7TTC0LHSF:0001
1200011294,Fusion Tech,BO005803,License,22.86,315.47,NZD                                   ,Subscription #1198024: Standard Monthly Recurring from 2026-01-10 through 2026-02-09,12.0,Resource Recurring,License,"Dropbox, Inc.",1.00000000,1 MONTHS,2026-02-10,2026-01-10,1198024.0,MONTHLY,1200057490,Peers Brown Miller,28.57,342.84,342.84,20651.57,20651.57,2026-02-01,2026-03-03,2026SINZ0001623,Open,41.15,342.84,0.0,"","",TEAM-ST3L5TVD1M_TEAMLIC-ST1M_3
1200011294,Fusion Tech,BO005804,Licenses,9.7,55.78,NZD                                   ,Subscription #1348802: Microsoft 365 Business Basic Recurring (1 Month(s) term) from 2026-01-09 through 2026-02-08,5.0,Resource Recurring,Licenses,Microsoft,1.00000000,1 MONTHS,2026-02-09,2026-01-09,1348802.0,MONTHLY,1200040836,Drillconnex,11.64,58.2,58.2,20651.57,20651.57,2026-02-01,2026-03-03,2026SINZ0001623,Open,7.28,58.2,0.0,"","",CFQ7TTC0LH18:0001
1200011294,Fusion Tech,BO005805,Licenses,8.49,126.93,NZD                                   ,Subscription #1325930: Microsoft 365 Business Basic Recurring (1 Year(s) term) from 2026-01-09 through 2026-02-08,13.0,Resource Recurring,Licenses,Microsoft,1.00000000,1 YEARS,2026-02-09,2026-01-09,1325930.0,MONTHLY,1200078529,Agru Hurner,10.19,132.47,132.47,20651.57,20651.57,2026-02-01,2026-03-03,2026SINZ0001623,Open,16.56,132.47,0.0,"",45669,CFQ7TTC0LH18:0001
1200011294,Fusion Tech,BO005806,Licenses,6.5,7.48,NZD                                   ,Subscription #1412190: Exchange Online (Plan 1) Recurring (1 Month(s) term) from 2026-01-10 through 2026-02-09,1.0,Resource Recurring,Licenses,Microsoft,1.00000000,1 MONTHS,2026-02-10,2026-01-10,1412190.0,MONTHLY,1200013683,Fluker,7.8,7.8,7.8,20651.57,20651.57,2026-02-01,2026-03-03,2026SINZ0001623,Open,0.98,7.8,0.0,"",72610,CFQ7TTC0LH16:0001
1200011294,Fusion Tech,BO005807,Licenses,8.08,46.46,NZD                                   ,Subscription #1331882: Microsoft 365 Business Basic Recurring (1 Year(s) term) from 2026-01-12 through 2026-02-11,5.0,Resource Recurring,Licenses,Microsoft,1.00000000,1 YEARS,2026-02-12,2026-01-12,1331882.0,MONTHLY,1200013411,The Advice Group,9.7,48.5,48.5,20651.57,20651.57,2026-02-01,2026-03-03,2026SINZ0001623,Open,6.06,48.5,0.0,"","",CFQ7TTC0LH18:0001
1200011294,Fusion Tech,BO005808,Licenses,48.5,223.1,NZD                                   ,Subscription #1377241: Project Plan 3 Recurring (1 Month(s) term) from 2026-01-11 through 2026-02-10,4.0,Resource Recurring,Licenses,Microsoft,1.00000000,1 MONTHS,2026-02-11,2026-01-11,1377241.0,MONTHLY,1200019514,JRC Builders of Distinction,58.2,232.8,232.8,20651.57,20651.57,2026-02-01,2026-03-03,2026SINZ0001623,Open,29.1,232.8,0.0,"",72681,CFQ7TTC0HDB0:0002
1200011294,Fusion Tech,BO005809,Licenses,13.82,15.89,NZD                                   ,Subscription #1423765: Microsoft 365 Apps for business Recurring (1 Year(s) term) from 2026-01-13 through 2026-02-12,1.0,Resource Recurring,Licenses,Microsoft,1.00000000,1 YEARS,2026-02-13,2026-01-13,1423765.0,MONTHLY,1200022999,Solutions Accounting,16.59,16.59,16.59,20651.57,20651.57,2026-02-01,2026-03-03,2026SINZ0001623,Open,2.07,16.59,0.0,"",72702,CFQ7TTC0LH1G:0001
1200011294,Fusion Tech,BO005810,License,19.2,220.8,NZD                                   ,Subscription #1024060: Dropbox Business - Licenses Recurring from 2026-01-13 through 2026-02-12. ,10.0,Resource Recurring,License,"",1.00000000,1 YEARS,2026-02-13,2026-01-13,1024060.0,MONTHLY,1200016086,Versatile,24.0,240.0,240.0,20651.57,20651.57,2026-02-01,2026-03-03,2026SINZ0001623,Open,28.8,240.0,0.0,"","",""
1200011294,Fusion Tech,BO005811,License,16.0,128.8,NZD                                   ,Subscription #1109159: Standard Annual Monthly Recurring from 2026-01-13 through 2026-02-12. ,7.0,Resource Recurring,License,"Dropbox, Inc.",1.00000000,1 YEARS,2026-02-13,2026-01-13,1109159.0,MONTHLY,1200046289,APF,20.0,140.0,140.0,20651.57,20651.57,2026-02-01,2026-03-03,2026SINZ0001623,Open,16.8,140.0,0.0,"","",TEAM-ST3L5TVDAC1M_TEAMLIC-STAC1M_3
1200011294,Fusion Tech,BO005812,Licenses,8.1,9.32,NZD                                   ,Subscription #1391532: OneDrive for business (Plan 1) Recurring (1 Month(s) term) from 2026-01-13 through 2026-02-12,1.0,Resource Recurring,Licenses,Microsoft,1.00000000,1 MONTHS,2026-02-13,2026-01-13,1391532.0,MONTHLY,1200059659,Euro Parts,9.72,9.72,9.72,20651.57,20651.57,2026-02-01,2026-03-03,2026SINZ0001623,Open,1.22,9.72,0.0,"",72470,CFQ7TTC0LHSV:0001
1200011294,Fusion Tech,BO005813,Licenses,8.49,29.29,NZD                                   ,Subscription #1386060: Microsoft 365 Business Basic Recurring (1 Year(s) term) from 2026-01-15 through 2026-02-14,3.0,Resource Recurring,Licenses,Microsoft,1.00000000,1 YEARS,2026-02-15,2026-01-15,1386060.0,MONTHLY,1200023031,ACH Consulting LTD,10.19,30.57,30.57,20651.57,20651.57,2026-02-01,2026-03-03,2026SINZ0001623,Open,3.82,30.57,0.0,"",72601,CFQ7TTC0LH18:0001
1200011294,Fusion Tech,BO005814,Licenses,16.83,38.71,NZD                                   ,Subscription #1252529: Microsoft 365 Business Standard Recurring (1 Year(s) term) from 2026-01-15 through 2026-02-14,2.0,Resource Recurring,Licenses,Microsoft,1.00000000,1 YEARS,2026-02-15,2026-01-15,1252529.0,MONTHLY,1200040836,Drillconnex,20.2,40.4,40.4,20651.57,20651.57,2026-02-01,2026-03-03,2026SINZ0001623,Open,5.05,40.4,0.0,"","",CFQ7TTC0LDPB:0001
1200011294,Fusion Tech,BO005815,License,19.2,66.24,NZD                                   ,Subscription #1090085: Dropbox Business - Licenses Recurring from 2026-01-16 through 2026-02-15. ,3.0,Resource Recurring,License,"",1.00000000,1 YEARS,2026-02-16,2026-01-16,1090085.0,MONTHLY,1200022999,Solutions Accounting,24.0,72.0,72.0,20651.57,20651.57,2026-02-01,2026-03-03,2026SINZ0001623,Open,8.64,72.0,0.0,"","",TEAM-ST3L5TVDAC1M_TEAMLIC-STAC1M_3
1200011294,Fusion Tech,BO005816,Licenses,4.9,5.64,NZD                                   ,Subscription #1219440: Exchange Online Archiving for Exchange Online Recurring (1 Month(s) term) from 2026-01-15 through 2026-02-14,1.0,Resource Recurring,Licenses,Microsoft,1.00000000,1 MONTHS,2026-02-15,2026-01-15,1219440.0,MONTHLY,1200013848,Corneal Lens Corporation,5.88,5.88,5.88,20651.57,20651.57,2026-02-01,2026-03-03,2026SINZ0001623,Open,0.74,5.88,0.0,"","",CFQ7TTC0LH0J:0001
1200011294,Fusion Tech,BO005817,Licenses,9.7,78.09,NZD                                   ,Subscription #1435216: Microsoft 365 Business Basic Recurring (1 Month(s) term) from 2026-01-15 through 2026-02-14,7.0,Resource Recurring,Licenses,Microsoft,1.00000000,1 MONTHS,2026-02-15,2026-01-15,1435216.0,MONTHLY,1200013302,Drain King,11.64,81.48,81.48,20651.57,20651.57,2026-02-01,2026-03-03,2026SINZ0001623,Open,10.19,81.48,0.0,"","",CFQ7TTC0LH18:0001
1200011294,Fusion Tech,BO005818,Licenses,5.69,13.09,NZD                                   ,Subscription #1378242: Exchange Online (Plan 1) Recurring (1 Year(s) term) from 2026-01-17 through 2026-02-16,2.0,Resource Recurring,Licenses,Microsoft,1.00000000,1 YEARS,2026-02-17,2026-01-17,1378242.0,MONTHLY,1200020620,Maison,6.83,13.66,13.66,20651.57,20651.57,2026-02-01,2026-03-03,2026SINZ0001623,Open,1.71,13.66,0.0,"","",CFQ7TTC0LH16:0001
1200011294,Fusion Tech,BO005818,Licenses,8.49,58.58,NZD                                   ,Subscription #1378276: Microsoft 365 Business Basic Recurring (1 Year(s) term) from 2026-01-17 through 2026-02-16,6.0,Resource Recurring,Licenses,Microsoft,1.00000000,1 YEARS,2026-02-17,2026-01-17,1378276.0,MONTHLY,1200020620,Maison,10.19,61.14,61.14,20651.57,20651.57,2026-02-01,2026-03-03,2026SINZ0001623,Open,7.64,61.14,0.0,"","",CFQ7TTC0LH18:0001
1200011294,Fusion Tech,BO005818,Licenses,17.68,20.33,NZD                                   ,Subscription #1436950: Microsoft 365 Business Standard Recurring (1 Year(s) term) from 2026-01-17 through 2026-02-16,1.0,Resource Recurring,Licenses,Microsoft,1.00000000,1 YEARS,2026-02-17,2026-01-17,1436950.0,MONTHLY,1200020620,Maison,21.21,21.21,21.21,20651.57,20651.57,2026-02-01,2026-03-03,2026SINZ0001623,Open,2.65,21.21,0.0,"","",CFQ7TTC0LDPB:0001
1200011294,Fusion Tech,BO005819,Licenses,14.6,16.79,NZD                                   ,Subscription #1377928: Microsoft Entra ID P2 Recurring (1 Month(s) term) from 2026-01-16 through 2026-02-15,1.0,Resource Recurring,Licenses,Microsoft,1.00000000,1 MONTHS,2026-02-16,2026-01-16,1377928.0,MONTHLY,1200013302,Drain King,17.52,17.52,17.52,20651.57,20651.57,2026-02-01,2026-03-03,2026SINZ0001623,Open,2.19,17.52,0.0,"","",CFQ7TTC0LFK5:0001
1200011294,Fusion Tech,BO005820,License,19.2,264.96,NZD                                   ,Subscription #1056655: Dropbox Business - Licenses Recurring from 2026-01-17 through 2026-02-16. ,12.0,Resource Recurring,License,"",1.00000000,1 YEARS,2026-02-17,2026-01-17,1056655.0,MONTHLY,1200033157,Versatile Manukau,24.0,288.0,288.0,20651.57,20651.57,2026-02-01,2026-03-03,2026SINZ0001623,Open,34.56,288.0,0.0,"","",TEAM-ST3L5TVDAC1M_TEAMLIC-STAC1M_3
1200011294,Fusion Tech,BO005820,Licenses,13.82,95.36,NZD                                   ,Subscription #1246191: Microsoft 365 Apps for business Recurring (1 Year(s) term) from 2026-01-16 through 2026-02-15,6.0,Resource Recurring,Licenses,Microsoft,1.00000000,1 YEARS,2026-02-16,2026-01-16,1246191.0,MONTHLY,1200033157,Versatile Manukau,16.59,99.54,99.54,20651.57,20651.57,2026-02-01,2026-03-03,2026SINZ0001623,Open,12.44,99.54,0.0,"","",CFQ7TTC0LH1G:0001
1200011294,Fusion Tech,BO005821,Licenses,64.7,74.41,NZD                                   ,Subscription #1440767: Microsoft Teams Rooms Pro Recurring (1 Month(s) term) from 2026-01-17 through 2026-02-16,1.0,Resource Recurring,Licenses,Microsoft,1.00000000,1 MONTHS,2026-02-17,2026-01-17,1440767.0,MONTHLY,1200024300,Smart Environmental Ltd,77.64,77.64,77.64,20651.57,20651.57,2026-02-01,2026-03-03,2026SINZ0001623,Open,9.71,77.64,0.0,"",73142,CFQ7TTC0QW7C:0001
1200011294,Fusion Tech,BO005822,Licenses,13.17,121.16,NZD                                   ,Subscription #1338967: Microsoft 365 Apps for business Recurring (1 Year(s) term) from 2026-01-18 through 2026-02-17,8.0,Resource Recurring,Licenses,Microsoft,1.00000000,1 YEARS,2026-02-18,2026-01-18,1338967.0,MONTHLY,1200016086,Versatile,15.8,126.4,126.4,20651.57,20651.57,2026-02-01,2026-03-03,2026SINZ0001623,Open,15.8,126.4,0.0,"","",CFQ7TTC0LH1G:0001
1200011294,Fusion Tech,BO005823,License,19.2,264.96,NZD                                   ,Subscription #1136943: Standard Annual Monthly Recurring from 2026-01-18 through 2026-02-17. ,12.0,Resource Recurring,License,"Dropbox, Inc.",1.00000000,1 YEARS,2026-02-18,2026-01-18,1136943.0,MONTHLY,1200013683,Fluker,24.0,288.0,288.0,20651.57,20651.57,2026-02-01,2026-03-03,2026SINZ0001623,Open,34.56,288.0,0.0,"","",TEAM-ST3L5TVDAC1M_TEAMLIC-STAC1M_3
1200011294,Fusion Tech,BO005824,Licenses,4.9,22.54,NZD                                   ,Subscription #1306649: Exchange Online Archiving for Exchange Online Recurring (1 Month(s) term) from 2026-01-18 through 2026-02-17,4.0,Resource Recurring,Licenses,Microsoft,1.00000000,1 MONTHS,2026-02-18,2026-01-18,1306649.0,MONTHLY,1200024300,Smart Environmental Ltd,5.88,23.52,23.52,20651.57,20651.57,2026-02-01,2026-03-03,2026SINZ0001623,Open,2.94,23.52,0.0,"",73142,CFQ7TTC0LH0J:0001
1200011294,Fusion Tech,BO005824,Licenses,8.08,1022.12,NZD                                   ,Subscription #1333459: Microsoft 365 Business Basic Recurring (1 Year(s) term) from 2026-01-19 through 2026-02-18,110.0,Resource Recurring,Licenses,Microsoft,1.00000000,1 YEARS,2026-02-19,2026-01-19,1333459.0,MONTHLY,1200024300,Smart Environmental Ltd,9.7,1067.0,1067.0,20651.57,20651.57,2026-02-01,2026-03-03,2026SINZ0001623,Open,133.32,1067.0,0.0,"",73142,CFQ7TTC0LH18:0001
1200011294,Fusion Tech,BO005824,Licenses,16.83,3677.36,NZD                                   ,Subscription #1333510: Microsoft 365 Business Standard Recurring (1 Year(s) term) from 2026-01-19 through 2026-02-18,190.0,Resource Recurring,Licenses,Microsoft,1.00000000,1 YEARS,2026-02-19,2026-01-19,1333510.0,MONTHLY,1200024300,Smart Environmental Ltd,20.2,3838.0,3838.0,20651.57,20651.57,2026-02-01,2026-03-03,2026SINZ0001623,Open,479.66,3838.0,0.0,"",73142,CFQ7TTC0LDPB:0001
1200011294,Fusion Tech,BO005825,Licenses,8.08,18.58,NZD                                   ,Subscription #1339171: Microsoft 365 Business Basic Recurring (1 Year(s) term) from 2026-01-19 through 2026-02-18,2.0,Resource Recurring,Licenses,Microsoft,1.00000000,1 YEARS,2026-02-19,2026-01-19,1339171.0,MONTHLY,1200040218,Fel group,9.7,19.4,19.4,20651.57,20651.57,2026-02-01,2026-03-03,2026SINZ0001623,Open,2.42,19.4,0.0,"","",CFQ7TTC0LH18:0001
1200011294,Fusion Tech,BO005825,Licenses,16.83,367.74,NZD                                   ,Subscription #1339202: Microsoft 365 Business Standard Recurring (1 Year(s) term) from 2026-01-19 through 2026-02-18,19.0,Resource Recurring,Licenses,Microsoft,1.00000000,1 YEARS,2026-02-19,2026-01-19,1339202.0,MONTHLY,1200040218,Fel group,20.2,383.8,383.8,20651.57,20651.57,2026-02-01,2026-03-03,2026SINZ0001623,Open,47.97,383.8,0.0,"","",CFQ7TTC0LDPB:0001
1200011294,Fusion Tech,BO005826,Licenses,12.77,14.69,NZD                                   ,Subscription #1282798: Azure Active Directory Premium P2 Recurring (1 Year(s) term) from 2026-01-20 through 2026-02-19,1.0,Resource Recurring,Licenses,Microsoft,1.00000000,1 YEARS,2026-02-20,2026-01-20,1282798.0,MONTHLY,1200013411,The Advice Group,15.33,15.33,15.33,20651.57,20651.57,2026-02-01,2026-03-03,2026SINZ0001623,Open,1.92,15.33,0.0,"","",CFQ7TTC0LFK5:0001
1200011294,Fusion Tech,BO005827,Licenses,16.2,37.26,NZD                                   ,Subscription #1430798: Planner Plan 1 Recurring (1 Month(s) term) from 2026-01-19 through 2026-02-18,2.0,Resource Recurring,Licenses,Microsoft,1.00000000,1 MONTHS,2026-02-19,2026-01-19,1430798.0,MONTHLY,1200024300,Smart Environmental Ltd,19.44,38.88,38.88,20651.57,20651.57,2026-02-01,2026-03-03,2026SINZ0001623,Open,4.86,38.88,0.0,"",72774,CFQ7TTC0HDB1:0002
1200011294,Fusion Tech,BO005828,Licenses,20.2,162.61,NZD                                   ,Subscription #1398372: Microsoft 365 Business Standard Recurring (1 Month(s) term) from 2026-01-19 through 2026-02-18,7.0,Resource Recurring,Licenses,Microsoft,1.00000000,1 MONTHS,2026-02-19,2026-01-19,1398372.0,MONTHLY,1200036867,AllCard Services,24.24,169.68,169.68,20651.57,20651.57,2026-02-01,2026-03-03,2026SINZ0001623,Open,21.21,169.68,0.0,"",72521,CFQ7TTC0LDPB:0001
1200011294,Fusion Tech,BO005829,Licenses,8.49,29.29,NZD                                   ,Subscription #1398510: Microsoft 365 Business Basic Recurring (1 Year(s) term) from 2026-01-20 through 2026-02-19,3.0,Resource Recurring,Licenses,Microsoft,1.00000000,1 YEARS,2026-02-20,2026-01-20,1398510.0,MONTHLY,1200036951,Acto Agriculture,10.19,30.57,30.57,20651.57,20651.57,2026-02-01,2026-03-03,2026SINZ0001623,Open,3.82,30.57,0.0,"",ACTO201224,CFQ7TTC0LH18:0001
1200011294,Fusion Tech,BO005829,Licenses,17.68,182.99,NZD                                   ,Subscription #1398509: Microsoft 365 Business Standard Recurring (1 Year(s) term) from 2026-01-20 through 2026-02-19,9.0,Resource Recurring,Licenses,Microsoft,1.00000000,1 YEARS,2026-02-20,2026-01-20,1398509.0,MONTHLY,1200036951,Acto Agriculture,21.21,190.89,190.89,20651.57,20651.57,2026-02-01,2026-03-03,2026SINZ0001623,Open,23.87,190.89,0.0,"",ACTO201224,CFQ7TTC0LDPB:0001
1200011294,Fusion Tech,BO005830,Licenses,154.78,178.0,NZD                                   ,Subscription #1327576: Microsoft 365 Apps for business Recurring (1 Year(s) term) from 2026-01-19 through 2027-01-18,1.0,Resource Recurring,Licenses,Microsoft,1.00000000,1 YEARS,2027-01-19,2026-01-19,1327576.0,YEARLY,1200048814,Cascade Storage,189.6,189.6,189.6,20651.57,20651.57,2026-02-01,2026-03-03,2026SINZ0001623,Open,23.22,189.6,0.0,"","",CFQ7TTC0LH1G:0001
1200011294,Fusion Tech,BO005831,Licenses,15.0,138.0,NZD                                   ,Subscription #1392755: Microsoft 365 Business Standard (no Teams) Recurring (1 Month(s) term) from 2026-01-20 through 2026-02-19,8.0,Resource Recurring,Licenses,Microsoft,1.00000000,1 MONTHS,2026-02-20,2026-01-20,1392755.0,MONTHLY,1200034882,TTT Products,18.0,144.0,144.0,20651.57,20651.57,2026-02-01,2026-03-03,2026SINZ0001623,Open,18.0,144.0,0.0,"",TTT211104,CFQ7TTC0LDPB:0011
1200011294,Fusion Tech,BO005832,Licenses,4.29,4.93,NZD                                   ,Subscription #1447087: Exchange Online Archiving for Exchange Online Recurring (1 Year(s) term) from 2026-01-22 through 2026-02-21,1.0,Resource Recurring,Licenses,Microsoft,1.00000000,1 YEARS,2026-02-22,2026-01-22,1447087.0,MONTHLY,1200024300,Smart Environmental Ltd,5.15,5.15,5.15,20651.57,20651.57,2026-02-01,2026-03-03,2026SINZ0001623,Open,0.64,5.15,0.0,"",GEOFF,CFQ7TTC0LH0J:0001
1200011294,Fusion Tech,BO005833,Licenses,20.25,46.58,NZD                                   ,Subscription #1254528: Visio Plan 2 Recurring (1 Year(s) term) from 2026-01-24 through 2026-02-23,2.0,Resource Recurring,Licenses,Microsoft,1.00000000,1 YEARS,2026-02-24,2026-01-24,1254528.0,MONTHLY,1200024300,Smart Environmental Ltd,24.3,48.6,48.6,20651.57,20651.57,2026-02-01,2026-03-03,2026SINZ0001623,Open,6.08,48.6,0.0,"","",CFQ7TTC0HD32:0002
1200011294,Fusion Tech,BO005834,License,19.2,220.8,NZD                                   ,Subscription #1019795: Dropbox Business - Licenses Recurring from 2026-01-25 through 2026-02-24. ,10.0,Resource Recurring,License,"",1.00000000,1 YEARS,2026-02-25,2026-01-25,1019795.0,MONTHLY,1200013411,The Advice Group,24.0,240.0,240.0,20651.57,20651.57,2026-02-01,2026-03-03,2026SINZ0001623,Open,28.8,240.0,0.0,"","",TEAM-ST3L5TVDAC1M_TEAMLIC-STAC1M_3
1200011294,Fusion Tech,BO005835,License,19.2,309.12,NZD                                   ,Subscription #1088288: Dropbox Business - Licenses Recurring from 2026-01-25 through 2026-02-24. ,14.0,Resource Recurring,License,"",1.00000000,1 YEARS,2026-02-25,2026-01-25,1088288.0,MONTHLY,1200024300,Smart Environmental Ltd,24.0,336.0,336.0,20651.57,20651.57,2026-02-01,2026-03-03,2026SINZ0001623,Open,40.32,336.0,0.0,"",72857,TEAM-ST3L5TVDAC1M_TEAMLIC-STAC1M_3
1200011294,Fusion Tech,BO005835,Licenses,19.4,22.31,NZD                                   ,Subscription #1215435: Microsoft 365 E5 Security Recurring from 2026-01-24 through 2026-02-23,1.0,Resource Recurring,Licenses,Microsoft,1.00000000,1 MONTHS,2026-02-24,2026-01-24,1215435.0,MONTHLY,1200024300,Smart Environmental Ltd,23.28,23.28,23.28,20651.57,20651.57,2026-02-01,2026-03-03,2026SINZ0001623,Open,2.91,23.28,0.0,"",72857,CFQ7TTC0LHQB:0001
1200011294,Fusion Tech,BO005836,Licenses,8.08,65.04,NZD                                   ,Subscription #1344213: Microsoft 365 Business Basic Recurring (1 Year(s) term) from 2026-01-25 through 2026-02-24,7.0,Resource Recurring,Licenses,Microsoft,1.00000000,1 YEARS,2026-02-25,2026-01-25,1344213.0,MONTHLY,1200013848,Corneal Lens Corporation,9.7,67.9,67.9,20651.57,20651.57,2026-02-01,2026-03-03,2026SINZ0001623,Open,8.48,67.9,0.0,"",72732,CFQ7TTC0LH18:0001
1200011294,Fusion Tech,BO005836,Licenses,17.68,345.65,NZD                                   ,Subscription #1328239: Microsoft 365 Business Standard Recurring (1 Year(s) term) from 2026-01-24 through 2026-02-23,17.0,Resource Recurring,Licenses,Microsoft,1.00000000,1 YEARS,2026-02-24,2026-01-24,1328239.0,MONTHLY,1200013848,Corneal Lens Corporation,21.21,360.57,360.57,20651.57,20651.57,2026-02-01,2026-03-03,2026SINZ0001623,Open,45.09,360.57,0.0,"",72732,CFQ7TTC0LDPB:0001
1200011294,Fusion Tech,BO005837,Licenses,48.5,55.78,NZD                                   ,Subscription #1328546: Project Plan 3 Recurring (1 Month(s) term) from 2026-01-25 through 2026-02-24,1.0,Resource Recurring,Licenses,Microsoft,1.00000000,1 MONTHS,2026-02-25,2026-01-25,1328546.0,MONTHLY,1200023031,ACH Consulting LTD,58.2,58.2,58.2,20651.57,20651.57,2026-02-01,2026-03-03,2026SINZ0001623,Open,7.28,58.2,0.0,"","",CFQ7TTC0HDB0:0002
1200011294,Fusion Tech,BO005838,Licenses,17.68,121.99,NZD                                   ,Subscription #1388040: Microsoft 365 Business Standard Recurring (1 Year(s) term) from 2026-01-27 through 2026-02-26,6.0,Resource Recurring,Licenses,Microsoft,1.00000000,1 YEARS,2026-02-27,2026-01-27,1388040.0,MONTHLY,1200147048,Apex Services,21.21,127.26,127.26,20651.57,20651.57,2026-02-01,2026-03-03,2026SINZ0001623,Open,15.91,127.26,0.0,"",72684,CFQ7TTC0LDPB:0001
1200011294,Fusion Tech,BO005839,Licenses,19.77,45.47,NZD                                   ,Subscription #1227241: Power BI Pro Recurring (1 Year(s) term) from 2026-01-29 through 2026-02-27,2.0,Resource Recurring,Licenses,Microsoft,1.00000000,1 YEARS,2026-02-28,2026-01-29,1227241.0,MONTHLY,1200023031,ACH Consulting LTD,23.73,47.46,47.46,20651.57,20651.57,2026-02-01,2026-03-03,2026SINZ0001623,Open,5.93,47.46,0.0,"",72600,CFQ7TTC0LHSF:0001
1200011294,Fusion Tech,BO005840,Licenses,47.74,933.32,NZD                                   ,Subscription #1426858: Microsoft 365 Copilot Recurring (1 Year(s) term) from 2026-01-28 through 2026-02-27,17.0,Resource Recurring,Licenses,Microsoft,1.00000000,1 YEARS,2026-02-28,2026-01-28,1426858.0,MONTHLY,1200024300,Smart Environmental Ltd,50.93,865.81,865.81,20651.57,20651.57,2026-02-01,2026-03-03,2026SINZ0001623,Open,121.74,865.81,0.0,"",73140,CFQ7TTC0MM8R:0002
1200011294,Fusion Tech,BO005841,Licenses,4.9,5.64,NZD                                   ,Subscription #1374453: Exchange Online Archiving for Exchange Online Recurring (1 Month(s) term) from 2026-01-28 through 2026-02-27,1.0,Resource Recurring,Licenses,Microsoft,1.00000000,1 MONTHS,2026-02-28,2026-01-28,1374453.0,MONTHLY,1200019514,JRC Builders of Distinction,5.88,5.88,5.88,20651.57,20651.57,2026-02-01,2026-03-03,2026SINZ0001623,Open,0.74,5.88,0.0,"","",CFQ7TTC0LH0J:0001
1200011294,Fusion Tech,BO005842,Licenses,12.17,14.0,NZD                                   ,Subscription #1192712: Azure Active Directory Premium P2 Recurring from 2026-01-30 through 2026-02-27,1.0,Resource Recurring,Licenses,Microsoft,1.00000000,1 YEARS,2026-02-28,2026-01-30,1192712.0,MONTHLY,1200020620,Maison,14.6,14.6,14.6,20651.57,20651.57,2026-02-01,2026-03-03,2026SINZ0001623,Open,1.83,14.6,0.0,"","",CFQ7TTC0LFK5:0001
1200011294,Fusion Tech,BO005843,Licenses,9.7,89.24,NZD                                   ,Subscription #1351844: Microsoft 365 Business Basic Recurring (1 Month(s) term) from 2026-01-28 through 2026-02-27,8.0,Resource Recurring,Licenses,Microsoft,1.00000000,1 MONTHS,2026-02-28,2026-01-28,1351844.0,MONTHLY,1200126013,Build Me,11.64,93.12,93.12,20651.57,20651.57,2026-02-01,2026-03-03,2026SINZ0001623,Open,11.64,93.12,0.0,"",73087,CFQ7TTC0LH18:0001
1200011294,Fusion Tech,BO005843,Licenses,20.2,139.38,NZD                                   ,Subscription #1351845: Microsoft 365 Business Standard Recurring (1 Month(s) term) from 2026-01-28 through 2026-02-27,6.0,Resource Recurring,Licenses,Microsoft,1.00000000,1 MONTHS,2026-02-28,2026-01-28,1351845.0,MONTHLY,1200126013,Build Me,24.24,145.44,145.44,20651.57,20651.57,2026-02-01,2026-03-03,2026SINZ0001623,Open,18.18,145.44,0.0,"",73087,CFQ7TTC0LDPB:0001
1200011294,Fusion Tech,BO005844,License,22.86,78.87,NZD                                   ,Subscription #1432595: Standard Monthly Recurring from 2026-01-29 through 2026-02-27,3.0,Resource Recurring,License,"Dropbox, Inc.",1.00000000,1 MONTHS,2026-02-28,2026-01-29,1432595.0,MONTHLY,1200040836,Drillconnex,28.57,85.71,85.71,20651.57,20651.57,2026-02-01,2026-03-03,2026SINZ0001623,Open,10.29,85.71,0.0,"","",TEAM-ST3L5TVD1M_TEAMLIC-ST1M_3
1200011294,Fusion Tech,BO005845,License,16.0,165.6,NZD                                   ,Subscription #1030045: Dropbox Business - Licenses Recurring from 2026-01-30 through 2026-02-27. ,9.0,Resource Recurring,License,"",1.00000000,1 YEARS,2026-02-28,2026-01-30,1030045.0,MONTHLY,1200019514,JRC Builders of Distinction,20.0,180.0,180.0,20651.57,20651.57,2026-02-01,2026-03-03,2026SINZ0001623,Open,21.6,180.0,0.0,"","",""
1200011294,Fusion Tech,BO005846,Licenses,34.39,395.49,NZD                                   ,Subscription #1369022: Office 365 E3 Recurring (1 Year(s) term) from 2026-01-30 through 2026-02-27,10.0,Resource Recurring,Licenses,Microsoft,1.00000000,1 YEARS,2026-02-28,2026-01-30,1369022.0,MONTHLY,1200024300,Smart Environmental Ltd,41.27,412.7,412.7,20651.57,20651.57,2026-02-01,2026-03-03,2026SINZ0001623,Open,51.59,412.7,0.0,"","",CFQ7TTC0LF8R:0001
1200011294,Fusion Tech,BO005847,Licenses,6.5,82.23,NZD                                   ,Subscription #1416218: Exchange Online (Plan 1) Recurring (1 Month(s) term) from 2026-01-30 through 2026-02-27,11.0,Resource Recurring,Licenses,Microsoft,1.00000000,1 MONTHS,2026-02-28,2026-01-30,1416218.0,MONTHLY,1200158735,Rand Group Ltd,7.8,85.8,85.8,20651.57,20651.57,2026-02-01,2026-03-03,2026SINZ0001623,Open,10.73,85.8,0.0,"",72636,CFQ7TTC0LH16:0001
1200011294,Fusion Tech,BO005847,Licenses,12.9,29.67,NZD                                   ,Subscription #1416208: Exchange Online (Plan 2) Recurring (1 Month(s) term) from 2026-01-30 through 2026-02-27,2.0,Resource Recurring,Licenses,Microsoft,1.00000000,1 MONTHS,2026-02-28,2026-01-30,1416208.0,MONTHLY,1200158735,Rand Group Ltd,15.48,30.96,30.96,20651.57,20651.57,2026-02-01,2026-03-03,2026SINZ0001623,Open,3.87,30.96,0.0,"",72636,CFQ7TTC0LH1P:0001
1200011294,Fusion Tech,BO005848,Licenses,17.68,20.33,NZD                                   ,Subscription #1461778: Microsoft 365 Business Standard Recurring (1 Year(s) term) from 2026-02-01 through 2026-02-28,1.0,Resource Recurring,Licenses,Microsoft,1.00000000,1 YEARS,2026-03-01,2026-02-01,1461778.0,MONTHLY,1200102236,Finespine,21.21,21.21,21.21,20651.57,20651.57,2026-02-01,2026-03-03,2026SINZ0001623,Open,2.65,21.21,0.0,"",73106,CFQ7TTC0LDPB:0001
1200011294,Fusion Tech,CH000795,Licenses,4.9,2.36,NZD                                   ,Subscription #1306649: Exchange Online Archiving for Exchange Online Recurring (1 Month(s) term) from 2026-01-05 through 2026-01-17,1.0,Resource Recurring,Licenses,Microsoft,0.42000000,1 MONTHS,2026-01-18,2026-01-05,1306649.0,MONTHLY,1200024300,Smart Environmental Ltd,5.88,2.47,2.47,20651.57,20651.57,2026-02-01,2026-03-03,2026SINZ0001623,Open,0.31,2.47,0.0,"",73142,CFQ7TTC0LH0J:0001
1200011294,Fusion Tech,CH000796,Licenses,17.68,223.65,NZD                                   ,Subscription #1326491: Microsoft 365 Business Standard Recurring (1 Year(s) term) from 2026-01-14 through 2026-02-13,11.0,Resource Recurring,Licenses,Microsoft,1.00000000,1 YEARS,2026-02-14,2026-01-14,1326491.0,MONTHLY,1200013683,Fluker,21.21,233.31,233.31,20651.57,20651.57,2026-02-01,2026-03-03,2026SINZ0001623,Open,29.17,233.31,0.0,"","",CFQ7TTC0LDPB:0001
1200011294,Fusion Tech,CH000797,Licenses,17.68,16.4,NZD                                   ,Subscription #1370306: Microsoft 365 Business Standard Recurring (1 Year(s) term) from 2026-01-11 through 2026-02-04,1.0,Resource Recurring,Licenses,Microsoft,0.81000000,1 YEARS,2026-02-05,2026-01-11,1370306.0,MONTHLY,1200023031,ACH Consulting LTD,21.21,17.1,17.1,20651.57,20651.57,2026-02-01,2026-03-03,2026SINZ0001623,Open,2.14,17.1,0.0,"",73153,CFQ7TTC0LDPB:0001
1200011294,Fusion Tech,CH000798,License,22.86,25.44,NZD                                   ,Subscription #1467449: Dropbox Business Monthly Recurring from 2026-01-15 through 2026-02-13,1.0,Resource Recurring,License,"Dropbox, Inc.",0.97000000,1 MONTHS,2026-02-14,2026-01-15,1467449.0,MONTHLY,1200022448,Peace of Mind Building Inspections,28.57,27.65,27.65,20651.57,20651.57,2026-02-01,2026-03-03,2026SINZ0001623,Open,3.32,27.65,0.0,"",POM14012026,TEAM-BIZ3L1M_TEAMLIC-BIZ3T1M_3
1200011294,Fusion Tech,CH000799,Licenses,17.68,13.12,NZD                                   ,Subscription #1370306: Microsoft 365 Business Standard Recurring (1 Year(s) term) from 2026-01-16 through 2026-02-04,1.0,Resource Recurring,Licenses,Microsoft,0.65000000,1 YEARS,2026-02-05,2026-01-16,1370306.0,MONTHLY,1200023031,ACH Consulting LTD,21.21,13.68,13.68,20651.57,20651.57,2026-02-01,2026-03-03,2026SINZ0001623,Open,1.71,13.68,0.0,"",73161,CFQ7TTC0LDPB:0001
1200011294,Fusion Tech,SO000392,Licenses,9.7,11.16,NZD                                   ,Subscription #1466022: Microsoft 365 Business Basic Recurring (1 Month(s) term) from 2026-01-04 through 2026-02-03,1.0,Resource Recurring,Licenses,Microsoft,1.00000000,1 MONTHS,2026-02-04,2026-01-04,1466022.0,MONTHLY,1200158965,CITY EYE SPECIALISTS LIMITED,11.64,11.64,11.64,20651.57,20651.57,2026-02-01,2026-03-03,2026SINZ0001623,Open,1.46,11.64,0.0,"",CES050125,CFQ7TTC0LH18:0001
1200011294,Fusion Tech,SO000393,License,22.86,78.87,NZD                                   ,Subscription #1467449: Dropbox Business Monthly Recurring from 2026-01-14 through 2026-02-13,3.0,Resource Recurring,License,"Dropbox, Inc.",1.00000000,1 MONTHS,2026-02-14,2026-01-14,1467449.0,MONTHLY,1200022448,Peace of Mind Building Inspections,28.57,85.71,85.71,20651.57,20651.57,2026-02-01,2026-03-03,2026SINZ0001623,Open,10.29,85.71,0.0,"",POM14012026,TEAM-BIZ3L1M_TEAMLIC-BIZ3T1M_3
1200011294,Fusion Tech,SO000394,Licenses,63.67,73.22,NZD                                   ,Subscription #1468859: Exchange Online (Plan 1) Recurring (1 Year(s) term) from 2026-01-22 through 2027-01-21,1.0,Resource Recurring,Licenses,Microsoft,1.00000000,1 YEARS,2027-01-22,2026-01-22,1468859.0,YEARLY,1200054094,Pukekohe Chiropractor,78.0,78.0,78.0,20651.57,20651.57,2026-02-01,2026-03-03,2026SINZ0001623,Open,9.55,78.0,0.0,"",73170,CFQ7TTC0LH16:0001
1200011294,Fusion Tech,SO000395,Licenses,48.5,55.78,NZD                                   ,Subscription #1468926: Planner and Project Plan 3 Recurring (1 Month(s) term) from 2026-01-22 through 2026-02-21,1.0,Resource Recurring,Licenses,Microsoft,1.00000000,1 MONTHS,2026-02-22,2026-01-22,1468926.0,MONTHLY,1200126013,Build Me,58.2,58.2,58.2,20651.57,20651.57,2026-02-01,2026-03-03,2026SINZ0001623,Open,7.28,58.2,0.0,"",73171,CFQ7TTC0HDB0:0002
